subreddit,year,top_emotion,count,prop
BPD,2016,admiration,16,0.02168021680216802
BPD,2016,amusement,12,0.016260162601626018
BPD,2016,anger,10,0.013550135501355014
BPD,2016,annoyance,28,0.037940379403794036
BPD,2016,approval,48,0.06504065040650407
BPD,2016,caring,19,0.025745257452574527
BPD,2016,confusion,36,0.04878048780487805
BPD,2016,curiosity,53,0.07181571815718157
BPD,2016,desire,22,0.02981029810298103
BPD,2016,disappointment,58,0.07859078590785908
BPD,2016,disapproval,11,0.014905149051490514
BPD,2016,disgust,2,0.0027100271002710027
BPD,2016,embarrassment,2,0.0027100271002710027
BPD,2016,excitement,2,0.0027100271002710027
BPD,2016,fear,34,0.04607046070460705
BPD,2016,gratitude,24,0.032520325203252036
BPD,2016,joy,16,0.02168021680216802
BPD,2016,love,29,0.03929539295392954
BPD,2016,nervousness,17,0.023035230352303523
BPD,2016,neutral,151,0.2046070460704607
BPD,2016,optimism,12,0.016260162601626018
BPD,2016,realization,18,0.024390243902439025
BPD,2016,remorse,20,0.02710027100271003
BPD,2016,sadness,98,0.13279132791327913
BPD,2017,admiration,31,0.031
BPD,2017,amusement,25,0.025
BPD,2017,anger,9,0.009
BPD,2017,annoyance,36,0.036
BPD,2017,approval,49,0.049
BPD,2017,caring,27,0.027
BPD,2017,confusion,31,0.031
BPD,2017,curiosity,57,0.057
BPD,2017,desire,21,0.021
BPD,2017,disappointment,82,0.082
BPD,2017,disapproval,18,0.018
BPD,2017,disgust,5,0.005
BPD,2017,embarrassment,4,0.004
BPD,2017,excitement,2,0.002
BPD,2017,fear,50,0.05
BPD,2017,gratitude,22,0.022
BPD,2017,joy,22,0.022
BPD,2017,love,49,0.049
BPD,2017,nervousness,11,0.011
BPD,2017,neutral,242,0.242
BPD,2017,optimism,13,0.013
BPD,2017,realization,36,0.036
BPD,2017,remorse,26,0.026
BPD,2017,sadness,131,0.131
BPD,2017,surprise,1,0.001
BPD,2018,admiration,22,0.022
BPD,2018,amusement,19,0.019
BPD,2018,anger,19,0.019
BPD,2018,annoyance,47,0.047
BPD,2018,approval,66,0.066
BPD,2018,caring,41,0.041
BPD,2018,confusion,38,0.038
BPD,2018,curiosity,61,0.061
BPD,2018,desire,26,0.026
BPD,2018,disappointment,77,0.077
BPD,2018,disapproval,20,0.02
BPD,2018,disgust,1,0.001
BPD,2018,embarrassment,4,0.004
BPD,2018,excitement,2,0.002
BPD,2018,fear,38,0.038
BPD,2018,gratitude,29,0.029
BPD,2018,joy,9,0.009
BPD,2018,love,57,0.057
BPD,2018,nervousness,15,0.015
BPD,2018,neutral,190,0.19
BPD,2018,optimism,12,0.012
BPD,2018,realization,28,0.028
BPD,2018,remorse,31,0.031
BPD,2018,sadness,144,0.144
BPD,2018,surprise,4,0.004
BPD,2019,admiration,13,0.013
BPD,2019,amusement,29,0.029
BPD,2019,anger,15,0.015
BPD,2019,annoyance,70,0.07
BPD,2019,approval,66,0.066
BPD,2019,caring,33,0.033
BPD,2019,confusion,47,0.047
BPD,2019,curiosity,51,0.051
BPD,2019,desire,23,0.023
BPD,2019,disappointment,70,0.07
BPD,2019,disapproval,13,0.013
BPD,2019,disgust,2,0.002
BPD,2019,embarrassment,4,0.004
BPD,2019,excitement,1,0.001
BPD,2019,fear,57,0.057
BPD,2019,gratitude,21,0.021
BPD,2019,joy,22,0.022
BPD,2019,love,49,0.049
BPD,2019,nervousness,11,0.011
BPD,2019,neutral,205,0.205
BPD,2019,optimism,10,0.01
BPD,2019,realization,28,0.028
BPD,2019,remorse,16,0.016
BPD,2019,sadness,143,0.143
BPD,2019,surprise,1,0.001
BPD,2020,admiration,23,0.023
BPD,2020,amusement,20,0.02
BPD,2020,anger,18,0.018
BPD,2020,annoyance,52,0.052
BPD,2020,approval,55,0.055
BPD,2020,caring,37,0.037
BPD,2020,confusion,41,0.041
BPD,2020,curiosity,62,0.062
BPD,2020,desire,12,0.012
BPD,2020,disappointment,69,0.069
BPD,2020,disapproval,13,0.013
BPD,2020,disgust,5,0.005
BPD,2020,embarrassment,4,0.004
BPD,2020,excitement,1,0.001
BPD,2020,fear,46,0.046
BPD,2020,gratitude,20,0.02
BPD,2020,joy,21,0.021
BPD,2020,love,35,0.035
BPD,2020,nervousness,21,0.021
BPD,2020,neutral,198,0.198
BPD,2020,optimism,12,0.012
BPD,2020,realization,42,0.042
BPD,2020,remorse,17,0.017
BPD,2020,sadness,175,0.175
BPD,2020,surprise,1,0.001
BPD,2021,admiration,16,0.016
BPD,2021,amusement,32,0.032
BPD,2021,anger,15,0.015
BPD,2021,annoyance,43,0.043
BPD,2021,approval,57,0.057
BPD,2021,caring,42,0.042
BPD,2021,confusion,46,0.046
BPD,2021,curiosity,57,0.057
BPD,2021,desire,15,0.015
BPD,2021,disappointment,70,0.07
BPD,2021,disapproval,14,0.014
BPD,2021,disgust,7,0.007
BPD,2021,embarrassment,4,0.004
BPD,2021,excitement,1,0.001
BPD,2021,fear,38,0.038
BPD,2021,gratitude,31,0.031
BPD,2021,joy,20,0.02
BPD,2021,love,39,0.039
BPD,2021,nervousness,10,0.01
BPD,2021,neutral,189,0.189
BPD,2021,optimism,15,0.015
BPD,2021,realization,26,0.026
BPD,2021,remorse,28,0.028
BPD,2021,sadness,184,0.184
BPD,2021,surprise,1,0.001
BPD,2022,admiration,18,0.018
BPD,2022,amusement,23,0.023
BPD,2022,anger,9,0.009
BPD,2022,annoyance,41,0.041
BPD,2022,approval,51,0.051
BPD,2022,caring,36,0.036
BPD,2022,confusion,47,0.047
BPD,2022,curiosity,68,0.068
BPD,2022,desire,25,0.025
BPD,2022,disappointment,66,0.066
BPD,2022,disapproval,15,0.015
BPD,2022,embarrassment,6,0.006
BPD,2022,excitement,2,0.002
BPD,2022,fear,40,0.04
BPD,2022,gratitude,23,0.023
BPD,2022,joy,16,0.016
BPD,2022,love,41,0.041
BPD,2022,nervousness,21,0.021
BPD,2022,neutral,222,0.222
BPD,2022,optimism,9,0.009
BPD,2022,realization,25,0.025
BPD,2022,remorse,20,0.02
BPD,2022,sadness,175,0.175
BPD,2022,surprise,1,0.001
BPD,2023,admiration,15,0.015
BPD,2023,amusement,13,0.013
BPD,2023,anger,26,0.026
BPD,2023,annoyance,29,0.029
BPD,2023,approval,24,0.024
BPD,2023,caring,5,0.005
BPD,2023,confusion,69,0.069
BPD,2023,curiosity,93,0.093
BPD,2023,desire,23,0.023
BPD,2023,disappointment,97,0.097
BPD,2023,disapproval,10,0.01
BPD,2023,embarrassment,6,0.006
BPD,2023,excitement,1,0.001
BPD,2023,fear,49,0.049
BPD,2023,gratitude,3,0.003
BPD,2023,joy,14,0.014
BPD,2023,love,52,0.052
BPD,2023,nervousness,18,0.018
BPD,2023,neutral,163,0.163
BPD,2023,optimism,4,0.004
BPD,2023,realization,28,0.028
BPD,2023,remorse,8,0.008
BPD,2023,sadness,250,0.25
BPD,2024,admiration,8,0.008
BPD,2024,amusement,17,0.017
BPD,2024,anger,18,0.018
BPD,2024,annoyance,47,0.047
BPD,2024,approval,20,0.02
BPD,2024,caring,8,0.008
BPD,2024,confusion,54,0.054
BPD,2024,curiosity,70,0.07
BPD,2024,desire,18,0.018
BPD,2024,disappointment,101,0.101
BPD,2024,disapproval,4,0.004
BPD,2024,disgust,6,0.006
BPD,2024,embarrassment,4,0.004
BPD,2024,excitement,3,0.003
BPD,2024,fear,67,0.067
BPD,2024,gratitude,3,0.003
BPD,2024,joy,17,0.017
BPD,2024,love,66,0.066
BPD,2024,nervousness,32,0.032
BPD,2024,neutral,129,0.129
BPD,2024,optimism,4,0.004
BPD,2024,realization,30,0.03
BPD,2024,remorse,14,0.014
BPD,2024,sadness,257,0.257
BPD,2024,surprise,3,0.003
BPD,2025,admiration,13,0.013
BPD,2025,amusement,9,0.009
BPD,2025,anger,32,0.032
BPD,2025,annoyance,46,0.046
BPD,2025,approval,18,0.018
BPD,2025,caring,2,0.002
BPD,2025,confusion,49,0.049
BPD,2025,curiosity,72,0.072
BPD,2025,desire,25,0.025
BPD,2025,disappointment,105,0.105
BPD,2025,disapproval,2,0.002
BPD,2025,disgust,4,0.004
BPD,2025,embarrassment,6,0.006
BPD,2025,excitement,3,0.003
BPD,2025,fear,49,0.049
BPD,2025,gratitude,6,0.006
BPD,2025,joy,13,0.013
BPD,2025,love,61,0.061
BPD,2025,nervousness,27,0.027
BPD,2025,neutral,142,0.142
BPD,2025,optimism,4,0.004
BPD,2025,realization,39,0.039
BPD,2025,remorse,20,0.02
BPD,2025,sadness,252,0.252
BPD,2025,surprise,1,0.001
BPDlovedones,2016,amusement,1,0.037037037037037035
BPDlovedones,2016,confusion,2,0.07407407407407407
BPDlovedones,2016,curiosity,3,0.1111111111111111
BPDlovedones,2016,desire,1,0.037037037037037035
BPDlovedones,2016,disappointment,1,0.037037037037037035
BPDlovedones,2016,disapproval,1,0.037037037037037035
BPDlovedones,2016,gratitude,2,0.07407407407407407
BPDlovedones,2016,love,3,0.1111111111111111
BPDlovedones,2016,neutral,7,0.25925925925925924
BPDlovedones,2016,optimism,1,0.037037037037037035
BPDlovedones,2016,realization,1,0.037037037037037035
BPDlovedones,2016,sadness,4,0.14814814814814814
BPDlovedones,2017,admiration,1,0.016129032258064516
BPDlovedones,2017,amusement,1,0.016129032258064516
BPDlovedones,2017,anger,1,0.016129032258064516
BPDlovedones,2017,approval,2,0.03225806451612903
BPDlovedones,2017,caring,1,0.016129032258064516
BPDlovedones,2017,curiosity,4,0.06451612903225806
BPDlovedones,2017,disappointment,2,0.03225806451612903
BPDlovedones,2017,fear,2,0.03225806451612903
BPDlovedones,2017,gratitude,3,0.04838709677419355
BPDlovedones,2017,joy,1,0.016129032258064516
BPDlovedones,2017,love,3,0.04838709677419355
BPDlovedones,2017,neutral,24,0.3870967741935484
BPDlovedones,2017,optimism,1,0.016129032258064516
BPDlovedones,2017,realization,4,0.06451612903225806
BPDlovedones,2017,remorse,2,0.03225806451612903
BPDlovedones,2017,sadness,9,0.14516129032258066
BPDlovedones,2017,surprise,1,0.016129032258064516
BPDlovedones,2018,admiration,4,0.017316017316017316
BPDlovedones,2018,amusement,2,0.008658008658008658
BPDlovedones,2018,anger,3,0.012987012987012988
BPDlovedones,2018,annoyance,7,0.030303030303030304
BPDlovedones,2018,approval,8,0.03463203463203463
BPDlovedones,2018,caring,4,0.017316017316017316
BPDlovedones,2018,confusion,5,0.021645021645021644
BPDlovedones,2018,curiosity,25,0.10822510822510822
BPDlovedones,2018,desire,4,0.017316017316017316
BPDlovedones,2018,disappointment,16,0.06926406926406926
BPDlovedones,2018,embarrassment,1,0.004329004329004329
BPDlovedones,2018,fear,7,0.030303030303030304
BPDlovedones,2018,gratitude,8,0.03463203463203463
BPDlovedones,2018,joy,4,0.017316017316017316
BPDlovedones,2018,love,8,0.03463203463203463
BPDlovedones,2018,nervousness,1,0.004329004329004329
BPDlovedones,2018,neutral,68,0.2943722943722944
BPDlovedones,2018,optimism,3,0.012987012987012988
BPDlovedones,2018,realization,15,0.06493506493506493
BPDlovedones,2018,remorse,3,0.012987012987012988
BPDlovedones,2018,sadness,35,0.15151515151515152
BPDlovedones,2019,admiration,8,0.03375527426160337
BPDlovedones,2019,amusement,2,0.008438818565400843
BPDlovedones,2019,anger,1,0.004219409282700422
BPDlovedones,2019,annoyance,10,0.04219409282700422
BPDlovedones,2019,approval,10,0.04219409282700422
BPDlovedones,2019,confusion,10,0.04219409282700422
BPDlovedones,2019,curiosity,14,0.05907172995780591
BPDlovedones,2019,desire,1,0.004219409282700422
BPDlovedones,2019,disappointment,13,0.05485232067510549
BPDlovedones,2019,embarrassment,1,0.004219409282700422
BPDlovedones,2019,fear,5,0.02109704641350211
BPDlovedones,2019,gratitude,3,0.012658227848101266
BPDlovedones,2019,joy,5,0.02109704641350211
BPDlovedones,2019,love,7,0.029535864978902954
BPDlovedones,2019,nervousness,1,0.004219409282700422
BPDlovedones,2019,neutral,87,0.3670886075949367
BPDlovedones,2019,optimism,2,0.008438818565400843
BPDlovedones,2019,realization,7,0.029535864978902954
BPDlovedones,2019,remorse,5,0.02109704641350211
BPDlovedones,2019,sadness,43,0.18143459915611815
BPDlovedones,2019,surprise,2,0.008438818565400843
BPDlovedones,2020,admiration,8,0.025889967637540454
BPDlovedones,2020,amusement,5,0.016181229773462782
BPDlovedones,2020,annoyance,7,0.022653721682847898
BPDlovedones,2020,approval,9,0.02912621359223301
BPDlovedones,2020,caring,6,0.019417475728155338
BPDlovedones,2020,confusion,14,0.045307443365695796
BPDlovedones,2020,curiosity,25,0.08090614886731391
BPDlovedones,2020,desire,2,0.006472491909385114
BPDlovedones,2020,disappointment,17,0.05501618122977346
BPDlovedones,2020,disapproval,2,0.006472491909385114
BPDlovedones,2020,excitement,1,0.003236245954692557
BPDlovedones,2020,fear,7,0.022653721682847898
BPDlovedones,2020,gratitude,5,0.016181229773462782
BPDlovedones,2020,joy,7,0.022653721682847898
BPDlovedones,2020,love,15,0.04854368932038835
BPDlovedones,2020,nervousness,2,0.006472491909385114
BPDlovedones,2020,neutral,107,0.34627831715210355
BPDlovedones,2020,optimism,5,0.016181229773462782
BPDlovedones,2020,realization,10,0.032362459546925564
BPDlovedones,2020,remorse,8,0.025889967637540454
BPDlovedones,2020,sadness,44,0.1423948220064725
BPDlovedones,2020,surprise,3,0.009708737864077669
BPDlovedones,2021,admiration,3,0.009523809523809525
BPDlovedones,2021,amusement,7,0.022222222222222223
BPDlovedones,2021,anger,2,0.006349206349206349
BPDlovedones,2021,annoyance,9,0.02857142857142857
BPDlovedones,2021,approval,8,0.025396825396825397
BPDlovedones,2021,caring,2,0.006349206349206349
BPDlovedones,2021,confusion,22,0.06984126984126984
BPDlovedones,2021,curiosity,30,0.09523809523809523
BPDlovedones,2021,desire,1,0.0031746031746031746
BPDlovedones,2021,disappointment,19,0.06031746031746032
BPDlovedones,2021,disapproval,2,0.006349206349206349
BPDlovedones,2021,embarrassment,1,0.0031746031746031746
BPDlovedones,2021,fear,4,0.012698412698412698
BPDlovedones,2021,gratitude,11,0.03492063492063492
BPDlovedones,2021,joy,5,0.015873015873015872
BPDlovedones,2021,love,14,0.044444444444444446
BPDlovedones,2021,nervousness,4,0.012698412698412698
BPDlovedones,2021,neutral,98,0.3111111111111111
BPDlovedones,2021,optimism,1,0.0031746031746031746
BPDlovedones,2021,realization,10,0.031746031746031744
BPDlovedones,2021,remorse,10,0.031746031746031744
BPDlovedones,2021,sadness,49,0.15555555555555556
BPDlovedones,2021,surprise,3,0.009523809523809525
BPDlovedones,2022,admiration,6,0.012658227848101266
BPDlovedones,2022,amusement,1,0.002109704641350211
BPDlovedones,2022,anger,2,0.004219409282700422
BPDlovedones,2022,annoyance,18,0.0379746835443038
BPDlovedones,2022,approval,12,0.02531645569620253
BPDlovedones,2022,caring,7,0.014767932489451477
BPDlovedones,2022,confusion,19,0.04008438818565401
BPDlovedones,2022,curiosity,47,0.09915611814345991
BPDlovedones,2022,desire,6,0.012658227848101266
BPDlovedones,2022,disappointment,14,0.029535864978902954
BPDlovedones,2022,disapproval,10,0.02109704641350211
BPDlovedones,2022,embarrassment,3,0.006329113924050633
BPDlovedones,2022,fear,10,0.02109704641350211
BPDlovedones,2022,gratitude,11,0.023206751054852322
BPDlovedones,2022,joy,8,0.016877637130801686
BPDlovedones,2022,love,26,0.05485232067510549
BPDlovedones,2022,nervousness,3,0.006329113924050633
BPDlovedones,2022,neutral,142,0.29957805907172996
BPDlovedones,2022,optimism,3,0.006329113924050633
BPDlovedones,2022,realization,23,0.04852320675105485
BPDlovedones,2022,remorse,10,0.02109704641350211
BPDlovedones,2022,sadness,92,0.1940928270042194
BPDlovedones,2022,surprise,1,0.002109704641350211
BPDlovedones,2023,admiration,12,0.01634877384196185
BPDlovedones,2023,amusement,5,0.006811989100817439
BPDlovedones,2023,anger,7,0.009536784741144414
BPDlovedones,2023,annoyance,16,0.021798365122615803
BPDlovedones,2023,approval,19,0.025885558583106268
BPDlovedones,2023,caring,5,0.006811989100817439
BPDlovedones,2023,confusion,51,0.06948228882833787
BPDlovedones,2023,curiosity,77,0.10490463215258855
BPDlovedones,2023,desire,8,0.010899182561307902
BPDlovedones,2023,disappointment,37,0.05040871934604905
BPDlovedones,2023,disapproval,8,0.010899182561307902
BPDlovedones,2023,disgust,1,0.0013623978201634877
BPDlovedones,2023,embarrassment,1,0.0013623978201634877
BPDlovedones,2023,excitement,1,0.0013623978201634877
BPDlovedones,2023,fear,19,0.025885558583106268
BPDlovedones,2023,gratitude,7,0.009536784741144414
BPDlovedones,2023,joy,13,0.017711171662125342
BPDlovedones,2023,love,36,0.04904632152588556
BPDlovedones,2023,nervousness,4,0.005449591280653951
BPDlovedones,2023,neutral,218,0.2970027247956403
BPDlovedones,2023,optimism,12,0.01634877384196185
BPDlovedones,2023,realization,36,0.04904632152588556
BPDlovedones,2023,remorse,7,0.009536784741144414
BPDlovedones,2023,sadness,130,0.1771117166212534
BPDlovedones,2023,surprise,4,0.005449591280653951
BPDlovedones,2024,admiration,22,0.025142857142857144
BPDlovedones,2024,amusement,18,0.02057142857142857
BPDlovedones,2024,anger,7,0.008
BPDlovedones,2024,annoyance,27,0.030857142857142857
BPDlovedones,2024,approval,17,0.019428571428571427
BPDlovedones,2024,caring,5,0.005714285714285714
BPDlovedones,2024,confusion,47,0.053714285714285714
BPDlovedones,2024,curiosity,69,0.07885714285714286
BPDlovedones,2024,desire,4,0.004571428571428572
BPDlovedones,2024,disappointment,47,0.053714285714285714
BPDlovedones,2024,disapproval,4,0.004571428571428572
BPDlovedones,2024,disgust,2,0.002285714285714286
BPDlovedones,2024,embarrassment,2,0.002285714285714286
BPDlovedones,2024,excitement,1,0.001142857142857143
BPDlovedones,2024,fear,14,0.016
BPDlovedones,2024,gratitude,19,0.021714285714285714
BPDlovedones,2024,joy,18,0.02057142857142857
BPDlovedones,2024,love,51,0.05828571428571429
BPDlovedones,2024,nervousness,3,0.0034285714285714284
BPDlovedones,2024,neutral,258,0.2948571428571429
BPDlovedones,2024,optimism,8,0.009142857142857144
BPDlovedones,2024,realization,31,0.03542857142857143
BPDlovedones,2024,remorse,28,0.032
BPDlovedones,2024,sadness,169,0.19314285714285714
BPDlovedones,2024,surprise,4,0.004571428571428572
BPDlovedones,2025,admiration,29,0.0314192849404117
BPDlovedones,2025,amusement,11,0.011917659804983749
BPDlovedones,2025,anger,7,0.007583965330444204
BPDlovedones,2025,annoyance,25,0.027085590465872156
BPDlovedones,2025,approval,21,0.02275189599133261
BPDlovedones,2025,caring,8,0.00866738894907909
BPDlovedones,2025,confusion,50,0.05417118093174431
BPDlovedones,2025,curiosity,68,0.07367280606717226
BPDlovedones,2025,desire,17,0.018418201516793065
BPDlovedones,2025,disappointment,50,0.05417118093174431
BPDlovedones,2025,disapproval,2,0.0021668472372697724
BPDlovedones,2025,disgust,2,0.0021668472372697724
BPDlovedones,2025,embarrassment,5,0.005417118093174431
BPDlovedones,2025,excitement,3,0.0032502708559046588
BPDlovedones,2025,fear,23,0.024918743228602384
BPDlovedones,2025,gratitude,18,0.01950162513542795
BPDlovedones,2025,joy,13,0.014084507042253521
BPDlovedones,2025,love,57,0.06175514626218852
BPDlovedones,2025,nervousness,11,0.011917659804983749
BPDlovedones,2025,neutral,220,0.23835319609967498
BPDlovedones,2025,optimism,17,0.018418201516793065
BPDlovedones,2025,realization,41,0.044420368364030335
BPDlovedones,2025,relief,1,0.0010834236186348862
BPDlovedones,2025,remorse,31,0.03358613217768147
BPDlovedones,2025,sadness,192,0.20801733477789816
BPDlovedones,2025,surprise,1,0.0010834236186348862
